,year,ac_year,Name,school,age,pos,height,weight
0,2014.0,Sr,Jordan McRae,Tennessee,23.0,SG,77.0,179.0
1,2014.0,Intl,Bogdan Bogdanovic,Partizan,22.0,SG,78.0,200.0
2,2014.0,Intl,Clint Capela,Chalon,20.0,PF,83.0,222.0
3,2014.0,Sr,Shabazz Napier,Connecticut,23.0,PG,73.0,175.0
4,2014.0,Soph,Rodney Hood,Duke,22.0,SF,80.0,208.0
5,2014.0,Soph,Jordan Adams,UCLA,20.0,SG,77.0,209.0
6,2014.0,Soph,Mitch McGary,Michigan,22.0,C,82.0,263.0
7,2014.0,Soph,Gary Harris,MichiganState,20.0,SG,76.0,205.0
8,2014.0,Fr,Tyler Ennis,Syracuse,20.0,PG,74.0,182.0
9,2014.0,Fr,James Young,Kentucky,19.0,SG/SF,79.0,213.0
10,2014.0,Intl,Jusuf Nurkic,Cedevita,20.0,C,83.0,280.0
11,2014.0,Sr,Adreian Payne,MichiganState,23.0,PF,82.0,239.0
12,2014.0,Fr,Zach LaVine,UCLA,19.0,SG,78.0,181.0
13,2014.0,Intl,Dario Saric,CibonaZagreb,20.0,SF/PF,82.0,223.0
14,2014.0,Sr,Doug McDermott,Creighton,22.0,SF,80.0,218.0
15,2014.0,Jr,Elfrid Payton,LaLafayette,20.0,PG,76.0,185.0
16,2014.0,Fr,Noah Vonleh,Indiana,19.0,PF/C,81.0,247.0
17,2014.0,Soph,Nik Stauskas,Michigan,21.0,SG,78.0,207.0
18,2014.0,Fr,Julius Randle,Kentucky,20.0,PF,81.0,250.0
19,2014.0,Soph,Marcus Smart,OklahomaState,20.0,PG,75.0,227.0
20,2014.0,Intl,Dante Exum,Australian,19.0,PG/SG,78.0,196.0
21,2014.0,Fr,Aaron Gordon,Arizona,19.0,PF,81.0,220.0
22,2014.0,Fr,Joel Embiid,Kansas,20.0,C,84.0,240.0
23,2014.0,Fr,Jabari Parker,Duke,19.0,SF/PF,80.0,241.0
24,2014.0,Fr,Andrew Wiggins,Kansas,19.0,SG/SF,80.0,197.0
25,2014.0,Jr,P.J. Hairston,TexLegends,22.0,SG,77.0,229.0
26,2014.0,Soph,T.J. Warren,N.C.State,21.0,SF/PF,80.0,220.0
27,2014.0,Sr,C.J. Wilcox,Washington,24.0,SG,77.0,201.0
28,2014.0,Soph,Glenn Robinson,Michigan,20.0,SF,79.0,211.0
29,2014.0,Sr,Josh Huestis,Stanford,23.0,SF,79.0,213.0
30,2014.0,Sr,Devyn Marble,Iowa,22.0,SG,78.0,192.0
31,2014.0,Intl,Nemanja Dangubic,MegaVizura,21.0,SG,80.0,193.0
32,2014.0,Intl,Vasilije Micic,MegaVizura,20.0,PG,78.0,202.0
33,2014.0,Intl,Thanasis Antetokounmpo,Delaware,22.0,SF,78.0,205.0
34,2014.0,Sr,Russ Smith,Louisville,23.0,PG,73.0,160.0
35,2014.0,Jr,Jordan Clarkson,Missouri,22.0,PG/SG,77.0,186.0
36,2014.0,Sr,Markel Brown,OklahomaState,22.0,SG,75.0,184.0
37,2014.0,Intl,Walter Tavares,GranCanaria,22.0,C,87.0,265.0
38,2014.0,Jr,Nick Johnson,Arizona,22.0,SG,75.0,198.0
39,2014.0,Intl,Nikola Jokic,MegaVizura,19.0,C,83.0,253.0
40,2014.0,Sr,Dwight Powell,Stanford,23.0,PF,83.0,234.0
41,2014.0,Soph,Jerami Grant,Syracuse,20.0,SF,80.0,214.0
42,2014.0,Jr,Jarnell Stokes,Tennessee,20.0,PF,80.0,263.0
43,2014.0,Intl,Damien Inglis,Roanne,19.0,SF,80.0,240.0
44,2014.0,Jr,K.J. McDaniels,Clemson,21.0,SF,78.0,196.0
45,2014.0,Sr,Joe Harris,Virginia,23.0,SF,78.0,215.0
46,2014.0,Sr,Cleanthony Early,WichitaState,23.0,SF,79.0,209.0
47,2014.0,Soph,Kyle Anderson,UCLA,21.0,SF,80.0,230.0
48,2014.0,Jr,Johnny O'Bryant,LSU,21.0,PF/C,80.0,257.0
49,2014.0,Jr,DeAndre Daniels,Connecticut,22.0,SF,80.0,196.0
50,2014.0,Jr,Spencer Dinwiddie,Colorado,21.0,SG,78.0,205.0
51,2013.0,PRO,Shabazz Muhammad,UCLA,21.0,SF,78.0,222.0
52,2013.0,PRO,Rudy Gobert,Cholet,21.0,C,86.0,238.0
53,2013.0,PRO,Andre Roberson,Colorado,22.0,PF,79.0,206.0
54,2013.0,PRO,Reggie Bullock,NorthCarolina,22.0,SF,79.0,200.0
55,2013.0,PRO,Solomon Hill,Arizona,22.0,SF,79.0,226.0
56,2013.0,PRO,Mason Plumlee,Duke,23.0,C,84.0,238.0
57,2013.0,PRO,Gorgui Dieng,Louisville,23.0,C,83.0,230.0
58,2013.0,PRO,Tony Snell,NewMexico,22.0,SF,79.0,198.0
59,2013.0,PRO,Sergey Karasev,TriumphMoscow,20.0,SF,79.0,197.0
60,2013.0,PRO,Shane Larkin,MiamiFL,21.0,PG,71.0,171.0
61,2013.0,PRO,Dennis Schroeder,Braunschweig,20.0,PG,74.0,165.0
62,2013.0,PRO,Lucas Nogueira,Estudiantes,21.0,C,84.0,220.0
63,2013.0,PRO,Victor Oladipo,Indiana,21.0,SG,76.0,213.0
64,2013.0,PRO,Kelly Olynyk,Gonzaga,22.0,C,84.0,234.0
65,2013.0,PRO,Steven Adams,Pittsburgh,20.0,C,84.0,255.0
66,2013.0,PRO,Michael Carter-Williams,Syracuse,22.0,PG,78.0,184.0
67,2013.0,PRO,C.J. McCollum,Lehigh,22.0,PG/SG,75.0,197.0
68,2013.0,PRO,Trey Burke,Michigan,21.0,PG,73.0,187.0
69,2013.0,PRO,Kentavious Caldwell-Pope,Georgia,20.0,SG,78.0,204.0
70,2013.0,PRO,Ben McLemore,Kansas,20.0,SG,77.0,189.0
71,2013.0,PRO,Nerlens Noel,Kentucky,19.0,C,84.0,206.0
72,2013.0,PRO,Alex Len,Maryland,20.0,C,85.0,255.0
73,2013.0,PRO,Cody Zeller,Indiana,21.0,PF/C,84.0,230.0
74,2013.0,PRO,Otto Porter,Georgetown,20.0,SF,81.0,198.0
75,2013.0,PRO,Archie Goodwin,Kentucky,19.0,SG,77.0,189.0
76,2013.0,PRO,Livio Jean-Charles,Villeurbanne,20.0,SF/PF,81.0,217.0
77,2013.0,PRO,Anthony Bennett,UNLV,20.0,PF,79.0,239.0
78,2013.0,PRO,Nemanja Nedovic,LietuvosRytas,22.0,PG,76.0,200.0
79,2013.0,PRO,Marko Todorovic,Barcelona,21.0,C,83.0,240.0
80,2013.0,PRO,Allen Crabbe,California,21.0,SG,78.0,197.0
81,2013.0,PRO,Bojan Dubljevic,Valencia,22.0,PF/C,82.0,242.0
82,2013.0,PRO,Deshaun Thomas,OhioState,22.0,SF/PF,79.0,220.0
83,2013.0,PRO,Peyton Siva,Louisville,23.0,PG,73.0,181.0
84,2013.0,PRO,Joffrey Lauvergne,Partizan,22.0,PF,83.0,240.0
85,2013.0,PRO,Colton Iverson,ColoradoState,24.0,C,84.0,263.0
86,2013.0,PRO,Lorenzo Brown,N.C.State,23.0,PG,77.0,189.0
87,2013.0,PRO,Erik Murphy,Florida,23.0,PF,82.0,240.0
88,2013.0,PRO,Ryan Kelly,Duke,22.0,PF,84.0,228.0
89,2013.0,PRO,Raul Neto,SanSebastian,21.0,PG,74.0,179.0
90,2013.0,PRO,Erick Green,VirginiaTech,22.0,PG/SG,75.0,178.0
91,2013.0,PRO,Romero Osby,Oklahoma,23.0,PF,79.0,230.0
92,2013.0,PRO,Mike Muscala,Bucknell,22.0,C,83.0,230.0
93,2013.0,PRO,Nate Wolters,South,22.0,PG,77.0,196.0
94,2013.0,PRO,Ricky Ledo,Providence,21.0,SG,78.0,197.0
95,2013.0,PRO,Isaiah Canaan,MurrayState,22.0,PG,72.0,188.0
96,2013.0,PRO,Glen Rice,Rio,22.0,SF,78.0,211.0
97,2013.0,PRO,Ray McCallum,Detroit,22.0,PG,74.0,191.0
98,2013.0,PRO,Tony Mitchell,NorthTexas,21.0,PF,81.0,236.0
99,2013.0,PRO,Jeff Withey,Kansas,23.0,C,84.0,222.0
100,2013.0,PRO,Alex Abrines,Barcelona,20.0,SG,77.0,190.0
101,2013.0,PRO,Grant Jerrett,Arizona,20.0,PF,82.0,232.0
102,2013.0,PRO,Jamaal Franklin,San,22.0,SG,77.0,191.0
103,2013.0,PRO,Pierre Jackson,Baylor,22.0,PG,70.0,176.0
104,2012.0,PRO,Jared Sullinger,OhioState,20.0,PF/C,81.0,268.0
105,2012.0,PRO,Tyler Zeller,NorthCarolina,22.0,C,84.0,247.0
106,2012.0,PRO,Terrence Jones,Kentucky,20.0,PF,81.0,252.0
107,2012.0,PRO,Andrew Nicholson,St.Bonaventure,23.0,PF/C,81.0,234.0
108,2012.0,PRO,Evan Fournier,Poitiers,20.0,SG/SF,79.0,204.0
109,2012.0,PRO,Miles Plumlee,Duke,24.0,C,84.0,252.0
110,2012.0,PRO,Fab Melo,Syracuse,22.0,C,84.0,255.0
111,2012.0,PRO,John Jenkins,Vanderbilt,21.0,SG,76.0,212.0
112,2012.0,PRO,Jared Cunningham,OregonState,21.0,SG,77.0,188.0
113,2012.0,PRO,Tony Wroten,Washington,19.0,PG/SG,78.0,203.0
114,2012.0,PRO,John Henson,NorthCarolina,22.0,PF,82.0,216.0
115,2012.0,PRO,Moe Harkless,St.John's,19.0,SF,81.0,207.0
116,2012.0,PRO,Anthony Davis,Kentucky,19.0,PF,82.0,222.0
117,2012.0,PRO,Kendall Marshall,NorthCarolina,21.0,PG,76.0,198.0
118,2012.0,PRO,Jeremy Lamb,Connecticut,20.0,SG,77.0,179.0
119,2012.0,PRO,Meyers Leonard,Illinois,20.0,C,85.0,250.0
120,2012.0,PRO,Austin Rivers,Duke,20.0,SG,77.0,203.0
121,2012.0,PRO,Andre Drummond,Connecticut,19.0,C,84.0,279.0
122,2012.0,PRO,Terrence Ross,Washington,21.0,SG/SF,79.0,197.0
123,2012.0,PRO,Harrison Barnes,NorthCarolina,20.0,SF,80.0,228.0
124,2012.0,PRO,Damian Lillard,WeberState,22.0,PG,75.0,189.0
125,2012.0,PRO,Thomas Robinson,Kansas,21.0,PF,81.0,244.0
126,2012.0,PRO,Dion Waiters,Syracuse,21.0,SG,76.0,221.0
127,2012.0,PRO,Bradley Beal,Florida,19.0,SG,77.0,202.0
128,2012.0,PRO,Michael Kidd-Gilchrist,Kentucky,19.0,SF,79.0,233.0
129,2012.0,PRO,Perry Jones,Baylor,21.0,PF,83.0,234.0
130,2012.0,PRO,Arnett Moultrie,MississippiSt.,22.0,PF/C,83.0,233.0
131,2012.0,PRO,Royce White,IowaState,21.0,PF,80.0,261.0
132,2012.0,PRO,Marquis Teague,Kentucky,19.0,PG,74.0,180.0
133,2012.0,PRO,Mike Scott,Virginia,24.0,PF,81.0,241.0
134,2012.0,PRO,Festus Ezeli,Vanderbilt,23.0,C,83.0,264.0
135,2012.0,PRO,Darius Johnson-Odom,,23.0,SG,75.0,212.0
136,2012.0,PRO,Tornike Shengelia,Charleroi,21.0,SF/PF,81.0,228.0
137,2012.0,PRO,Furkan Aldemir,Galatasaray,21.0,PF,81.0,220.0
138,2012.0,PRO,Kris Joseph,Syracuse,24.0,SF,79.0,215.0
139,2012.0,PRO,Izzet Turkyilmaz,Banvit,22.0,C,85.0,211.0
140,2012.0,PRO,Kyle O'Quinn,NorfolkState,22.0,PF/C,82.0,241.0
141,2012.0,PRO,Kostas Papanikolaou,Olympiakos,22.0,SF,80.0,230.0
142,2012.0,PRO,Kevin Murphy,TennesseeTech,22.0,SG/SF,78.0,194.0
143,2012.0,PRO,Darius Miller,Kentucky,22.0,SF,79.0,233.0
144,2012.0,PRO,Kim English,Missouri,24.0,SG,78.0,192.0
145,2012.0,PRO,Robbie Hummel,Purdue,23.0,SF,80.0,218.0
146,2012.0,PRO,Doron Lamb,Kentucky,21.0,SG,77.0,199.0
147,2012.0,PRO,Draymond Green,MichiganState,22.0,PF,79.0,236.0
148,2012.0,PRO,Tyshawn Taylor,Kansas,22.0,PG,76.0,177.0
149,2012.0,PRO,Tomas Satoransky,Sevilla,21.0,PG/SG,79.0,201.0
150,2012.0,PRO,Bernard James,FloridaState,27.0,C,82.0,230.0
151,2012.0,PRO,Jae Crowder,Marquette,22.0,SF,78.0,241.0
152,2012.0,PRO,Jeff Taylor,Vanderbilt,23.0,SF,79.0,213.0
153,2012.0,PRO,Orlando Johnson,UC,23.0,SG,77.0,224.0
154,2012.0,PRO,Quincy Acy,Baylor,22.0,PF,80.0,224.0
155,2012.0,PRO,Quincy Miller,Baylor,20.0,SF,82.0,219.0
156,2012.0,PRO,Khris Middleton,TexasA&M,21.0,SF,80.0,216.0
157,2012.0,PRO,Will Barton,Memphis,21.0,SG/SF,78.0,174.0
158,2011.0,PRO,Kawhi Leonard,San,20.0,SF,79.0,227.0
159,2011.0,PRO,Reggie Jackson,BostonCollege,21.0,PG,75.0,208.0
160,2011.0,PRO,Nikola Mirotic,RealMadrid,20.0,PF,82.0,210.0
161,2011.0,PRO,Kenneth Faried,MoreheadState,22.0,PF,79.0,225.0
162,2011.0,PRO,Nolan Smith,Cedevita,23.0,PG/SG,75.0,188.0
163,2011.0,PRO,Donatas Motiejunas,Treviso,21.0,PF/C,84.0,215.0
164,2011.0,PRO,Tobias Harris,Tennessee,19.0,SF/PF,80.0,223.0
165,2011.0,PRO,Chris Singleton,FloridaState,22.0,SF/PF,81.0,230.0
166,2011.0,PRO,Iman Shumpert,GeorgiaTech,21.0,PG/SG,77.0,222.0
167,2011.0,PRO,Nikola Vucevic,USC,21.0,PF/C,84.0,260.0
168,2011.0,PRO,Marshon Brooks,Providence,22.0,SG,77.0,195.0
169,2011.0,PRO,Jimmer Fredette,BYU,22.0,PG,74.0,196.0
170,2011.0,PRO,Marcus Morris,Kansas,22.0,PF,81.0,230.0
171,2011.0,PRO,Markieff Morris,Kansas,22.0,PF,81.0,241.0
172,2011.0,PRO,Alec Burks,Colorado,20.0,SG,78.0,193.0
173,2011.0,PRO,Klay Thompson,WashingtonState,21.0,SG/SF,79.0,206.0
174,2011.0,PRO,Kemba Walker,Connecticut,21.0,PG,73.0,184.0
175,2011.0,PRO,Brandon Knight,Kentucky,20.0,PG/SG,75.0,177.0
176,2011.0,PRO,Bismack Biyombo,Fuenlabrada,19.0,PF/C,81.0,245.0
177,2011.0,PRO,Jan Vesely,Partizan,21.0,PF,83.0,240.0
178,2011.0,PRO,Jonas Valanciunas,LietuvosRytas,19.0,C,83.0,240.0
179,2011.0,PRO,Tristan Thompson,Texas,20.0,PF,81.0,227.0
180,2011.0,PRO,JaJuan Johnson,Purdue,22.0,PF,82.0,220.0
181,2011.0,PRO,Jordan Hamilton,Texas,21.0,SF,80.0,228.0
182,2011.0,PRO,Jon Leuer,Wisconsin,22.0,PF,83.0,223.0
183,2011.0,PRO,Norris Cole,ClevelandSt.,23.0,PG,74.0,174.0
184,2011.0,PRO,Davis Bertans,OlimpijaLjubljana,19.0,SF,82.0,210.0
185,2011.0,PRO,Derrick Williams,Arizona,20.0,PF,81.0,248.0
186,2011.0,PRO,Isaiah Thomas,Washington,22.0,PG,70.0,186.0
187,2011.0,PRO,Adam Hanga,Albacomp,22.0,SG,79.0,198.0
188,2011.0,PRO,E'Twaun Moore,Purdue,22.0,SG,76.0,191.0
189,2011.0,PRO,Josh Selby,Kansas,20.0,SG,75.0,195.0
190,2011.0,PRO,Keith Benson,Minsk,23.0,PF/C,83.0,217.0
191,2011.0,PRO,Travis Leslie,Georgia,21.0,SG,76.0,205.0
192,2011.0,PRO,Andrew Goudelock,UNICS,23.0,PG,75.0,198.0
193,2011.0,PRO,Charles Jenkins,RedStar,22.0,PG/SG,75.0,216.0
194,2011.0,PRO,Malcolm Lee,UCLA,21.0,SG,77.0,198.0
195,2011.0,PRO,Darius Morris,Michigan,20.0,PG,77.0,190.0
196,2011.0,PRO,Cory Joseph,Texas,20.0,PG/SG,75.0,186.0
197,2011.0,PRO,Jeremy Tyler,TokyoApache,20.0,PF/C,82.0,262.0
198,2011.0,PRO,Chandler Parsons,Florida,23.0,SF,82.0,221.0
199,2011.0,PRO,Trey Thompkins,Georgia,21.0,PF,82.0,239.0
200,2011.0,PRO,Jordan Williams,Maryland,21.0,C,81.0,247.0
201,2011.0,PRO,Tyler Honeycutt,UCLA,21.0,SF,80.0,187.0
202,2011.0,PRO,Shelvin Mack,Butler,21.0,PG,74.0,209.0
203,2011.0,PRO,Kyle Singler,Duke,23.0,SF/PF,80.0,228.0
204,2011.0,PRO,Justin Harper,Richmond,22.0,PF,81.0,228.0
205,2011.0,PRO,Bojan Bogdanovic,CibonaZagreb,22.0,SG/SF,79.0,216.0
206,2011.0,PRO,Jimmy Butler,Marquette,22.0,SF,80.0,222.0
207,2011.0,PRO,Enes Kanter,Kentucky,19.0,C,83.0,259.0
208,2011.0,PRO,Kyrie Irving,Duke,19.0,PG,75.0,191.0
209,2010.0,PRO,Patrick Patterson,Kentucky,21.0,PF,81.0,240.0
210,2010.0,PRO,Quincy Pondexter,Washington,22.0,SF,78.0,220.0
211,2010.0,PRO,Damion James,Texas,23.0,SF/PF,80.0,227.0
212,2010.0,PRO,Trevor Booker,Clemson,23.0,PF,79.0,236.0
213,2010.0,PRO,Elliot Williams,Memphis,21.0,SG,76.0,175.0
214,2010.0,PRO,James Anderson,OklahomaState,21.0,SG/SF,78.0,208.0
215,2010.0,PRO,Avery Bradley,Texas,20.0,PG/SG,75.0,180.0
216,2010.0,PRO,Eric Bledsoe,Kentucky,20.0,PG/SG,73.0,192.0
217,2010.0,PRO,Kevin Seraphin,Cholet,21.0,PF/C,81.0,258.0
218,2010.0,PRO,Luke Babbitt,Samara,21.0,SF,81.0,218.0
219,2010.0,PRO,Larry Sanders,VCU,22.0,PF,82.0,222.0
220,2010.0,PRO,Ed Davis,NorthCarolina,21.0,PF,82.0,227.0
221,2010.0,PRO,Xavier Henry,Kansas,19.0,SG/SF,78.0,210.0
222,2010.0,PRO,Cole Aldrich,Kansas,22.0,C,83.0,236.0
223,2010.0,PRO,Paul George,FresnoState,20.0,SG/SF,81.0,214.0
224,2010.0,PRO,Gordon Hayward,Butler,20.0,SF,80.0,211.0
225,2010.0,PRO,Al-Farouq Aminu,WakeForest,20.0,SF/PF,80.0,216.0
226,2010.0,PRO,Greg Monroe,Georgetown,20.0,PF/C,83.0,247.0
227,2010.0,PRO,Ekpe Udoh,Baylor,23.0,PF,82.0,237.0
228,2010.0,PRO,DeMarcus Cousins,Kentucky,20.0,C,83.0,292.0
229,2010.0,PRO,Wesley Johnson,Syracuse,23.0,SF/PF,79.0,206.0
230,2010.0,PRO,Derrick Favors,GeorgiaTech,19.0,PF,82.0,245.0
231,2010.0,PRO,Evan Turner,OhioState,22.0,SG/SF,79.0,214.0
232,2010.0,PRO,John Wall,Kentucky,20.0,PG,76.0,196.0
233,2010.0,PRO,Stanley Robinson,Connecticut,22.0,SF/PF,80.0,213.0
234,2010.0,PRO,Dominique Jones,Liaoning,22.0,SG,77.0,216.0
235,2010.0,PRO,Craig Brackins,Biella,23.0,PF,82.0,229.0
236,2010.0,PRO,Jordan Crawford,Xavier,22.0,SG,76.0,198.0
237,2010.0,PRO,Jarvis Varnado,MississippiSt.,22.0,PF,82.0,210.0
238,2010.0,PRO,Derrick Caracter,UTEP,22.0,PF,81.0,280.0
239,2010.0,PRO,Hamady N'Diaye,Rutgers,23.0,C,83.0,233.0
240,2010.0,PRO,Willie Warren,Szolnok,21.0,SG,76.0,208.0
241,2010.0,PRO,Luke Harangody,NotreDame,22.0,PF,80.0,240.0
242,2010.0,PRO,Solomon Alabi,FloridaState,22.0,C,85.0,237.0
243,2010.0,PRO,Latavious Williams,Bamberg,21.0,PF,80.0,230.0
244,2010.0,PRO,Tiny Gallon,Oklahoma,,PF,81.0,302.0
245,2010.0,PRO,Greivis Vasquez,Maryland,23.0,PG/SG,78.0,211.0
246,2010.0,PRO,Paulao Prestes,Murcia,22.0,C,82.0,265.0
247,2010.0,PRO,Jerome Jordan,Tulsa,24.0,C,85.0,244.0
248,2010.0,PRO,Devin Ebanks,WestVirginia,21.0,SF/PF,80.0,208.0
249,2010.0,PRO,Gani Lawal,Milano,22.0,PF,81.0,233.0
250,2010.0,PRO,Lance Stephenson,Cincinnati,20.0,SG,78.0,227.0
251,2010.0,PRO,Hassan Whiteside,Marshall,21.0,C,83.0,227.0
252,2010.0,PRO,Darington Hobson,NewMexico,23.0,SF,78.0,204.0
253,2010.0,PRO,Lazar Hayward,Marquette,24.0,SF,78.0,226.0
254,2010.0,PRO,Tibor Pleiss,Bamberg,21.0,C,84.0,220.0
255,2010.0,PRO,Dexter Pittman,Texas,22.0,C,83.0,303.0
256,2010.0,PRO,Daniel Orton,Kentucky,20.0,C,81.0,269.0
257,2010.0,PRO,Armon Johnson,Nevada,21.0,PG/SG,75.0,195.0
258,2010.0,PRO,Nemanja Bjelica,RedStar,22.0,SF,82.0,210.0
259,2010.0,PRO,Terrico White,,20.0,SG,77.0,203.0
260,2009.0,PRO,Gerald Henderson,Duke,22.0,SG,77.0,215.0
261,2009.0,PRO,Rodrigue Beaubois,Cholet,21.0,PG,74.0,182.0
262,2009.0,PRO,Omri Casspi,Maccabi,21.0,SF,81.0,211.0
263,2009.0,PRO,Victor Claver,Valencia,21.0,SF/PF,82.0,218.0
264,2009.0,PRO,Darren Collison,UCLA,22.0,PG,73.0,166.0
265,2009.0,PRO,Eric Maynor,VCU,22.0,PG,75.0,164.0
266,2009.0,PRO,Jeff Teague,WakeForest,21.0,PG/SG,73.0,175.0
267,2009.0,PRO,Ty Lawson,NorthCarolina,22.0,PG,72.0,197.0
268,2009.0,PRO,Jrue Holiday,UCLA,19.0,PG/SG,76.0,199.0
269,2009.0,PRO,James Johnson,WakeForest,22.0,SF/PF,80.0,257.0
270,2009.0,PRO,Austin Daye,Gonzaga,21.0,SF,83.0,192.0
271,2009.0,PRO,Tyler Hansbrough,NorthCarolina,24.0,PF,81.0,234.0
272,2009.0,PRO,Earl Clark,Louisville,21.0,SF/PF,82.0,228.0
273,2009.0,PRO,Terrence Williams,Louisville,22.0,SG,78.0,213.0
274,2009.0,PRO,Brandon Jennings,Roma,20.0,PG,73.0,169.0
275,2009.0,PRO,Demar DeRozan,USC,20.0,SG/SF,78.0,211.0
276,2009.0,PRO,Jordan Hill,Arizona,22.0,PF,82.0,232.0
277,2009.0,PRO,Stephen Curry,Davidson,21.0,PG/SG,75.0,181.0
278,2009.0,PRO,Jonny Flynn,Syracuse,20.0,PG,73.0,196.0
279,2009.0,PRO,Ricky Rubio,Joventut,19.0,PG,76.0,180.0
280,2009.0,PRO,Tyreke Evans,Memphis,20.0,PG/SG,77.0,221.0
281,2009.0,PRO,James Harden,ArizonaState,20.0,SG,77.0,222.0
282,2009.0,PRO,Hasheem Thabeet,Connecticut,22.0,C,86.0,267.0
283,2009.0,PRO,Blake Griffin,Oklahoma,20.0,PF,82.0,248.0
284,2009.0,PRO,DeMarre Carroll,Missouri,23.0,SF/PF,80.0,207.0
285,2009.0,PRO,Taj Gibson,USC,24.0,PF,82.0,214.0
286,2009.0,PRO,Jodie Meeks,Kentucky,22.0,SG,76.0,211.0
287,2009.0,PRO,Wayne Ellington,NorthCarolina,22.0,SG,77.0,202.0
288,2009.0,PRO,Patrick Beverley,StPetersburg,21.0,PG,73.0,172.0
289,2009.0,PRO,Lester Hudson,Guangdong,25.0,PG/SG,73.0,196.0
290,2009.0,PRO,Toney Douglas,FloridaState,23.0,PG/SG,74.0,183.0
291,2009.0,PRO,Patrick Mills,SaintMary's,21.0,PG,72.0,175.0
292,2009.0,PRO,A.J. Price,Connecticut,23.0,PG,74.0,193.0
293,2009.0,PRO,Jack McClinton,AliagaPetkim,24.0,PG/SG,73.0,185.0
294,2009.0,PRO,Sergey Gladyr,Mykolaiv,20.0,SG,77.0,190.0
295,2009.0,PRO,Henk Norel,Joventut,22.0,PF,83.0,212.0
296,2009.0,PRO,Danny Green,NorthCarolina,22.0,SG/SF,78.0,208.0
297,2009.0,PRO,Nick Calathes,Florida,20.0,PG/SG,77.0,185.0
298,2009.0,PRO,Chase Budinger,Arizona,22.0,SG/SF,79.0,206.0
299,2009.0,PRO,Marcus Thornton,LSU,22.0,SG,76.0,194.0
300,2009.0,PRO,Ahmad Nivins,SaintJoseph's,22.0,PF,82.0,230.0
301,2009.0,PRO,Christian Eyenga,Joventut,20.0,SG/SF,77.0,210.0
302,2009.0,PRO,Jonas Jerebko,Biella,22.0,PF,81.0,210.0
303,2009.0,PRO,Jon Brockman,Chalon,22.0,PF,80.0,252.0
304,2009.0,PRO,DeJuan Blair,Pittsburgh,20.0,PF,78.0,277.0
305,2009.0,PRO,Sam Young,Pittsburgh,24.0,SF,79.0,223.0
306,2009.0,PRO,DaJuan Summers,Budivelnik,21.0,SF,80.0,243.0
307,2009.0,PRO,Sergio Llull,RealMadrid,22.0,PG,75.0,176.0
308,2009.0,PRO,Dante Cunningham,Villanova,22.0,PF,80.0,227.0
309,2009.0,PRO,Jermaine Taylor,CentralFlorida,23.0,SG,77.0,207.0
310,2009.0,PRO,Jeff Pendergraph,ArizonaState,22.0,PF,82.0,240.0
311,2009.0,PRO,Derrick Brown,Kuban,22.0,PF,80.0,225.0
312,2008.0,PRO,J.J. Hickson,N.C.State,20.0,PF,81.0,242.0
313,2008.0,PRO,Robin Lopez,Stanford,20.0,C,84.0,255.0
314,2008.0,PRO,Marreese Speights,Florida,21.0,PF/C,82.0,245.0
315,2008.0,PRO,Roy Hibbert,Georgetown,22.0,C,86.0,272.0
316,2008.0,PRO,JaVale McGee,Nevada,20.0,C,84.0,241.0
317,2008.0,PRO,George Hill,IUPUI,22.0,PG/SG,74.0,181.0
318,2008.0,PRO,Alexis Ajinca,Strasbourg,20.0,C,85.0,225.0
319,2008.0,PRO,Ryan Anderson,California,20.0,PF,82.0,240.0
320,2008.0,PRO,Courtney Lee,WesternKentucky,23.0,SG,77.0,200.0
321,2008.0,PRO,Kosta Koufos,OhioState,19.0,C,85.0,245.0
322,2008.0,PRO,Brandon Rush,Kansas,23.0,SG/SF,78.0,211.0
323,2008.0,PRO,Serge Ibaka,Manresa,19.0,PF,82.0,220.0
324,2008.0,PRO,Anthony Randolph,LSU,19.0,SF/PF,82.0,197.0
325,2008.0,PRO,Eric Gordon,Indiana,20.0,SG,75.0,222.0
326,2008.0,PRO,Jason Thompson,Rider,22.0,C,83.0,250.0
327,2008.0,PRO,Jerryd Bayless,Arizona,20.0,PG/SG,75.0,204.0
328,2008.0,PRO,Brook Lopez,Stanford,20.0,PF/C,84.0,256.0
329,2008.0,PRO,D.J. Augustin,Texas,21.0,PG,71.0,172.0
330,2008.0,PRO,Joe Alexander,WestVirginia,22.0,PF,80.0,220.0
331,2008.0,PRO,Danilo Gallinari,Milano,20.0,SF,81.0,209.0
332,2008.0,PRO,Kevin Love,UCLA,20.0,PF,81.0,255.0
333,2008.0,PRO,Russell Westbrook,UCLA,20.0,PG/SG,75.0,192.0
334,2008.0,PRO,O.J. Mayo,USC,21.0,PG/SG,76.0,200.0
335,2008.0,PRO,Michael Beasley,KansasState,19.0,PF,80.0,239.0
336,2008.0,PRO,Derrick Rose,Memphis,20.0,PG,74.0,196.0
337,2008.0,PRO,Nicolas Batum,LeMans,20.0,SG/SF,80.0,214.0
338,2008.0,PRO,Semih Erden,AnadoluEfes,22.0,C,85.0,240.0
339,2008.0,PRO,Darrell Arthur,Kansas,21.0,PF,80.0,216.0
340,2008.0,PRO,Ante Tomic,KKZagreb,21.0,C,86.0,220.0
341,2008.0,PRO,Donte Greene,Syracuse,20.0,SF,81.0,221.0
342,2008.0,PRO,James Gist,Malaga,22.0,PF,80.0,220.0
343,2008.0,PRO,Sasha Kaun,Kansas,23.0,C,83.0,247.0
344,2008.0,PRO,Mike Taylor,Idaho,22.0,PG/SG,74.0,166.0
345,2008.0,PRO,Darnell Jackson,Kansas,23.0,PF,80.0,241.0
346,2008.0,PRO,Shan Foster,Vanderbilt,22.0,SG,77.0,195.0
347,2008.0,PRO,DeVon Hardin,California,22.0,C,83.0,235.0
348,2008.0,PRO,Malik Hairston,Galatasaray,21.0,SF,77.0,204.0
349,2008.0,PRO,Bill Walker,KansasState,21.0,SF,78.0,225.0
350,2008.0,PRO,Trent Plaisted,BYU,22.0,PF/C,82.0,240.0
351,2008.0,PRO,Goran Dragic,OlimpijaLjubljana,22.0,PG,76.0,200.0
352,2008.0,PRO,Richard Hendrix,Kuban,22.0,PF,80.0,250.0
353,2008.0,PRO,Nathan Jawai,Barcelona,22.0,C,82.0,282.0
354,2008.0,PRO,Mario Chalmers,Kansas,22.0,PG,73.0,190.0
355,2008.0,PRO,Chris Douglas-Roberts,Memphis,21.0,SG,79.0,200.0
356,2008.0,PRO,J.R. Giddens,NewMexico,23.0,SG,77.0,208.0
357,2008.0,PRO,Nikola Pekovic,Panathinaikos,22.0,C,83.0,243.0
358,2008.0,PRO,Joey Dorsey,Barcelona,25.0,PF,79.0,265.0
359,2008.0,PRO,D.J. White,Shanghai,22.0,PF,81.0,230.0
360,2008.0,PRO,DeAndre Jordan,TexasA&M,20.0,C,83.0,250.0
361,2008.0,PRO,Omer Asik,Fenerbahce,22.0,C,83.0,230.0
362,2008.0,PRO,Kyle Weaver,WashingtonState,22.0,SG,78.0,201.0
363,2008.0,PRO,Sonny Weems,CSKAMoscow,22.0,SG/SF,77.0,193.0
364,2007.0,PRO,Al Thornton,FloridaState,24.0,SF/PF,79.0,221.0
365,2007.0,PRO,Morris Almond,RedStar,22.0,SG/SF,78.0,214.0
366,2007.0,PRO,Rudy Fernandez,RealMadrid,22.0,SG,78.0,172.0
367,2007.0,PRO,Wilson Chandler,DePaul,20.0,SF,80.0,210.0
368,2007.0,PRO,Jared Dudley,BostonCollege,22.0,SF,79.0,219.0
369,2007.0,PRO,Daequan Cook,OhioState,20.0,SG,78.0,203.0
370,2007.0,PRO,Jason Smith,ColoradoState,21.0,PF/C,83.0,233.0
371,2007.0,PRO,Javaris Crittenton,GeorgiaTech,20.0,PG,77.0,194.0
372,2007.0,PRO,Marco Belinelli,FortitudoBologna,21.0,SG,77.0,192.0
373,2007.0,PRO,Sean Williams,BostonCollege,21.0,PF/C,82.0,230.0
374,2007.0,PRO,Nick Young,USC,22.0,SG,79.0,206.0
375,2007.0,PRO,Rodney Stuckey,EasternWash.,21.0,PG/SG,76.0,207.0
376,2007.0,PRO,Arron Afflalo,UCLA,22.0,SG/SF,77.0,206.0
377,2007.0,PRO,Julian Wright,Samara,20.0,SF/PF,80.0,211.0
378,2007.0,PRO,Thaddeus Young,GeorgiaTech,19.0,SF,79.0,210.0
379,2007.0,PRO,Acie Law,TexasA&M,22.0,PG,75.0,186.0
380,2007.0,PRO,Spencer Hawes,Washington,19.0,C,85.0,244.0
381,2007.0,PRO,Joakim Noah,Florida,22.0,PF/C,84.0,223.0
382,2007.0,PRO,Brandan Wright,NorthCarolina,20.0,PF,82.0,200.0
383,2007.0,PRO,Corey Brewer,Florida,21.0,SF,80.0,185.0
384,2007.0,PRO,Yi Jianlian,Guangdong,23.0,PF/C,84.0,246.0
385,2007.0,PRO,Jeff Green,Georgetown,21.0,SF,81.0,228.0
386,2007.0,PRO,Al Horford,Florida,21.0,PF/C,82.0,246.0
387,2007.0,PRO,Kevin Durant,Texas,19.0,SF/PF,82.0,215.0
388,2007.0,PRO,Greg Oden,OhioState,19.0,C,84.0,257.0
389,2007.0,PRO,Aaron Brooks,Oregon,22.0,PG,72.0,161.0
390,2007.0,PRO,Marcus Williams,Shanxi,21.0,SF,79.0,205.0
391,2007.0,PRO,Tiago Splitter,Vitoria,22.0,C,84.0,233.0
392,2007.0,PRO,Reyshawn Terry,NorthCarolina,23.0,SF,79.0,222.0
393,2007.0,PRO,D.J. Strawberry,FortitudoBologna,22.0,SG,77.0,199.0
394,2007.0,PRO,Sammy Mejia,DePaul,24.0,PG,79.0,218.0
395,2007.0,PRO,Ramon Sessions,Nevada,21.0,PG,76.0,185.0
396,2007.0,PRO,Herbert Hill,Providence,23.0,PF,82.0,232.0
397,2007.0,PRO,Brad Newley,Townsville,22.0,SG,78.0,198.0
398,2007.0,PRO,Demetris Nichols,Syracuse,23.0,SF,79.0,211.0
399,2007.0,PRO,Taurean Green,Florida,22.0,PG,73.0,173.0
400,2007.0,PRO,Renaldas Seibutis,Maroussi,22.0,SG,78.0,185.0
401,2007.0,PRO,Aaron Gray,Pittsburgh,23.0,C,85.0,280.0
402,2007.0,PRO,Marc Gasol,Girona,22.0,C,85.0,265.0
403,2007.0,PRO,Dominic McGuire,FresnoState,22.0,SF,80.0,220.0
404,2007.0,PRO,Derrick Byars,Vanderbilt,23.0,SG/SF,79.0,215.0
405,2007.0,PRO,Alando Tucker,Wisconsin,23.0,SF,77.0,205.0
406,2007.0,PRO,Chris Richard,Florida,23.0,PF,81.0,252.0
407,2007.0,PRO,Sun Yue,Aoshen,22.0,PG/SG,81.0,212.0
408,2007.0,PRO,Stanko Barac,Siroki,21.0,C,85.0,230.0
409,2007.0,PRO,Kyrylo Fesenko,Cherkassy,21.0,C,85.0,270.0
410,2007.0,PRO,Josh McRoberts,Duke,20.0,PF,82.0,240.0
411,2007.0,PRO,Jermareo Davidson,Alabama,23.0,PF,83.0,230.0
412,2007.0,PRO,Glen Davis,LSU,21.0,PF,81.0,298.0
413,2007.0,PRO,Nick Fazekas,Nevada,22.0,PF,83.0,225.0
414,2007.0,PRO,Gabe Pruitt,USC,21.0,PG/SG,76.0,170.0
415,2007.0,PRO,Carl Landry,Purdue,24.0,PF,80.0,248.0
416,2007.0,PRO,Petteri Koponen,VirtusBologna,19.0,PG,77.0,194.0
417,2007.0,PRO,Marcus Williams,Shanxi,21.0,SF,79.0,205.0
418,,,Kwame Brown,,19.0,,,
419,,,Tyson Chandler,,19.0,,,
420,,,Pau Gasol,,21.0,,,
421,,,Eddy Curry,,19.0,,,
422,,,Jason Richardson,,20.0,,,
423,,,Shane Battier,,23.0,,,
424,,,Eddie Griffin,,19.0,,,
425,,,Sagana Diop,,19.0,,,
426,,,Rodney White,,21.0,,,
427,,,Joe Johnson,,20.0,,,
428,,,Kedrick Brown,,20.0,,,
429,,,Vladimir Radmanovic,,21.0,,,
430,,,Richard Jefferson,,21.0,,,
431,,,Troy Murphy,,21.0,,,
432,,,Steven Hunter,,20.0,,,
433,,,Kirk Haston,,22.0,,,
434,,,Michael Bradley,,22.0,,,
435,,,Jason Collins,,23.0,,,
436,,,Zachary Randolph,,20.0,,,
437,,,Brendan Haywood,,22.0,,,
438,,,Joseph Forte,,20.0,,,
439,,,Jeryl Sasser,,22.0,,,
440,,,Brandon Armstrong,,21.0,,,
441,,,Raul Lopez,,21.0,,,
442,,,Gerald Wallace,,19.0,,,
443,,,Samuel Dalembert,,20.0,,,
444,,,Jamaal Tinsley,,23.0,,,
445,,,Tony Parker,,19.0,,,
446,,,Trenton Hassell,,22.0,,,
447,,,Gilbert Arenas,,19.0,,,
448,,,Omar Cook,,19.0,,,
449,,,Will Solomon,,23.0,,,
450,,,Terence Morris,,22.0,,,
451,,,Brian Scalabrine,,23.0,,,
452,,,Jeff Trepagnier,,22.0,,,
453,,,Damone Brown,,22.0,,,
454,,,Mehmet Okur,,22.0,,,
455,,,Michael Wright,,21.0,,,
456,,,Earl Watson,,22.0,,,
457,,,Jamison Brewer,,21.0,,,
458,,,Bobby Simmons,,21.0,,,
459,,,Eric Chenowith,,22.0,,,
460,,,Kyle Hill,,22.0,,,
461,,,Sean Lampley,,22.0,,,
462,,,Loren Woods,,23.0,,,
463,,,Ousmane Cisse,,19.0,,,
464,,,Antonis Fotsis,,20.0,,,
465,,,Ken Johnson,,23.0,,,
466,,,Ruben Boumtje-Boumtje,,23.0,,,
467,,,Alton Ford,,20.0,,,
468,,,Andre Hutson,,22.0,,,
469,,,Jarron Collins,,23.0,,,
470,,,Kenny Satterfield,,20.0,,,
471,,,Maurice Jeffers,,22.0,,,
472,,,Robertas Javtokas,,21.0,,,
473,,,Alvin Jones,,23.0,,,
474,,,Bryan Bracey,,23.0,,,
475,,,Yao Ming,,22.0,,,
476,,,Jay Williams,,21.0,,,
477,,,Mike Dunleavy,,22.0,,,
478,,,Drew Gooden,,21.0,,,
479,,,Nikoloz Tskitishvili,,19.0,,,
480,,,Dajuan Wagner,,19.0,,,
481,,,Nene Hilario,,20.0,,,
482,,,Chris Wilcox,,20.0,,,
483,,,Amare Stoudemire,,20.0,,,
484,,,Caron Butler,,22.0,,,
485,,,Jared Jeffries,,21.0,,,
486,,,Melvin Ely,,24.0,,,
487,,,Marcus Haislip,,22.0,,,
488,,,Fred Jones,,23.0,,,
489,,,Bostjan Nachbar,,22.0,,,
490,,,Jiri Welsch,,22.0,,,
491,,,Juan Dixon,,24.0,,,
492,,,Curtis Borchardt,,22.0,,,
493,,,Ryan Humphrey,,23.0,,,
494,,,Kareem Rush,,22.0,,,
495,,,Qyntel Woods,,21.0,,,
496,,,Casey Jacobsen,,21.0,,,
497,,,Tayshaun Prince,,22.0,,,
498,,,Nenad Krstic,,19.0,,,
499,,,Frank Williams,,22.0,,,
500,,,John Salmons,,23.0,,,
501,,,Chris Jefferies,,22.0,,,
502,,,Dan Dickau,,24.0,,,
503,,,Steve Logan,,22.0,,,
504,,,Roger Mason,,22.0,,,
505,,,Robert Archibald,,22.0,,,
506,,,Vincent Yarbrough,,21.0,,,
507,,,Dan Gadzuric,,24.0,,,
508,,,Carlos Boozer,,21.0,,,
509,,,Milos Vujanic,,22.0,,,
510,,,David Andersen,,22.0,,,
511,,,Tito Maddox,,21.0,,,
512,,,Rod Grizzard,,22.0,,,
513,,,Juan Carlos Navarro,,22.0,,,
514,,,Mario Kasun,,22.0,,,
515,,,Ronald Murray,,23.0,,,
516,,,Jason Jennings,,23.0,,,
517,,,Lonny Baxter,,23.0,,,
518,,,Sam Clancy,,22.0,,,
519,,,Matt Barnes,,22.0,,,
520,,,Jamal Sampson,,19.0,,,
521,,,Chris Owens,,23.0,,,
522,,,Peter Fehse,,19.0,,,
523,,,Darius Songaila,,24.0,,,
524,,,Federico Kammerichs,,22.0,,,
525,,,Marcus Taylor,,21.0,,,
526,,,Rasual Butler,,23.0,,,
527,,,Tamar Slay,,22.0,,,
528,,,Mladen Sekularac,,21.0,,,
529,,,Luis Scola,,22.0,,,
530,,,Randy Holcomb,,23.0,,,
531,,,Corsley Edwards,,23.0,,,
532,,,LeBron James,,19.0,,,
533,,,Darko Milicic,,18.0,,,
534,,,Carmelo Anthony,,19.0,,,
535,,,Chris Bosh,,19.0,,,
536,,,Dwyane Wade,,21.0,,,
537,,,Chris Kaman,,21.0,,,
538,,,Kirk Hinrich,,22.0,,,
539,,,T.J. Ford,,20.0,,,
540,,,Mike Sweetney,,21.0,,,
541,,,Jarvis Hayes,,22.0,,,
542,,,Mickael Pietrus,,21.0,,,
543,,,Nick Collison,,23.0,,,
544,,,Marcus Banks,,22.0,,,
545,,,Luke Ridnour,,22.0,,,
546,,,Reece Gaines,,22.0,,,
547,,,Troy Bell,,23.0,,,
548,,,Zarko Cabarkapa,,22.0,,,
549,,,David West,,23.0,,,
550,,,Aleksandar Pavlovic,,20.0,,,
551,,,Dahntay Jones,,23.0,,,
552,,,Boris Diaw,,21.0,,,
553,,,Zoran Planinic,,21.0,,,
554,,,Travis Outlaw,,19.0,,,
555,,,Brian Cook,,23.0,,,
556,,,Carlos Delfino,,21.0,,,
557,,,Ndudi Ebi,,19.0,,,
558,,,Kendrick Perkins,,19.0,,,
559,,,Leandrinho Barbosa,,21.0,,,
560,,,Josh Howard,,23.0,,,
561,,,Maciej Lampe,,18.0,,,
562,,,Jason Kapono,,22.0,,,
563,,,Luke Walton,,23.0,,,
564,,,Jerome Beasley,,23.0,,,
565,,,Sofoklis Schortsanitis,,18.0,,,
566,,,Szymon Szewczyk,,21.0,,,
567,,,Mario Austin,,21.0,,,
568,,,Travis Hansen,,25.0,,,
569,,,Steve Blake,,23.0,,,
570,,,Slavko Vranes,,20.0,,,
571,,,Derrick Zimmerman,,22.0,,,
572,,,Willie Green,,22.0,,,
573,,,Zaur Pachulia,,19.0,,,
574,,,Keith Bogans,,23.0,,,
575,,,Malick Badiane,,19.0,,,
576,,,Matt Bonner,,23.0,,,
577,,,Sani Becirovic,,22.0,,,
578,,,Maurice Williams,,21.0,,,
579,,,James Lang,,20.0,,,
580,,,James Jones,,23.0,,,
581,,,Paccelis Morlende,,22.0,,,
582,,,Kyle Korver,,22.0,,,
583,,,Remon Van de Hare,,21.0,,,
584,,,Tommy Smith,,23.0,,,
585,,,Nedzad Sinanovic,,20.0,,,
586,,,Rick Rickert,,20.0,,,
587,,,Brandon Hunter,,23.0,,,
588,,,Xue Yuyang,,21.0,,,
589,,,Andreas Gliniadakis,,22.0,,,
590,,,Dwight Howard,,19.0,,,
591,,,Emeka Okafor,,22.0,,,
592,,,Ben Gordon,,21.0,,,
593,,,Shaun Livingston,,19.0,,,
594,,,Devin Harris,,21.0,,,
595,,,Josh Childress,,21.0,,,
596,,,Luol Deng,,19.0,,,
597,,,Rafael Araujo,,24.0,,,
598,,,Andre Iguodala,,20.0,,,
599,,,Luke Jackson,,23.0,,,
600,,,Andris Biedrins,,18.0,,,
601,,,Robert Swift,,19.0,,,
602,,,Sebastian Telfair,,19.0,,,
603,,,Kris Humphries,,19.0,,,
604,,,Al Jefferson,,19.0,,,
605,,,Kirk Snyder,,21.0,,,
606,,,Josh Smith,,19.0,,,
607,,,JR Smith,,19.0,,,
608,,,Dorell Wright,,19.0,,,
609,,,Jameer Nelson,,22.0,,,
610,,,Pavel Podkolzine,,19.0,,,
611,,,Viktor Khryapa,,22.0,,,
612,,,Sergei Monia,,21.0,,,
613,,,Delonte West,,23.0,,,
614,,,Tony Allen,,22.0,,,
615,,,Kevin Martin,,21.0,,,
616,,,Sasha Vujacic,,20.0,,,
617,,,Beno Udrih,,22.0,,,
618,,,David Harrison,,22.0,,,
619,,,Anderson Varejao,,22.0,,,
620,,,Jackson Vroman,,23.0,,,
621,,,Peter John Ramos,,19.0,,,
622,,,Lionel Chalmers,,24.0,,,
623,,,Donta Smith,,21.0,,,
624,,,Andre Emmett,,22.0,,,
625,,,Antonio Burks,,24.0,,,
626,,,Royal Ivey,,23.0,,,
627,,,Chris Duhon,,22.0,,,
628,,,Albert Miralles,,22.0,,,
629,,,Justin Reed,,22.0,,,
630,,,David Young,,23.0,,,
631,,,Viktor Sanikidze,,18.0,,,
632,,,Trevor Ariza,,19.0,,,
633,,,Tim Pickett,,23.0,,,
634,,,Bernard Robinson,,24.0,,,
635,,,Ha Seung Jin,,19.0,,,
636,,,Pape Sow,,23.0,,,
637,,,Ricky Minard,,22.0,,,
638,,,Sergei Lishouk,,22.0,,,
639,,,Vassilis Spanoulis,,22.0,,,
640,,,Christian Drejer,,22.0,,,
641,,,Romain Sato,,23.0,,,
642,,,Matt Freije,,23.0,,,
643,,,Rickey Paulding,,,,,
644,,,Luis Flores,,23.0,,,
645,,,Marcus Douthit,,24.0,,,
646,,,Sergei Karaulov,,22.0,,,
647,,,Blake Stepp,,22.0,,,
648,,,Rashad Wright,,22.0,,,
649,,,Andrew Bogut,,21.0,,,
650,,,Marvin Williams,,19.0,,,
651,,,Deron Williams,,21.0,,,
652,,,Chris Paul,,20.0,,,
653,,,Raymond Felton,,21.0,,,
654,,,Martell Webster,,19.0,,,
655,,,Charlie Villanueva,,21.0,,,
656,,,Channing Frye,,22.0,,,
657,,,Ike Diogu,,22.0,,,
658,,,Andrew Bynum,,18.0,,,
659,,,Fran Vasquez,,22.0,,,
660,,,Yaroslav Korolev,,18.0,,,
661,,,Sean May,,21.0,,,
662,,,Rashad McCants,,21.0,,,
663,,,Antoine Wright,,21.0,,,
664,,,Joey Graham,,23.0,,,
665,,,Danny Granger,,22.0,,,
666,,,Gerald Green,,19.0,,,
667,,,Hakim Warrick,,23.0,,,
668,,,Julius Hodge,,22.0,,,
669,,,Nate Robinson,,21.0,,,
670,,,Jarrett Jack,,22.0,,,
671,,,Francisco Garcia,,24.0,,,
672,,,Luther Head,,23.0,,,
673,,,Johan Petro,,19.0,,,
674,,,Jason Maxiell,,22.0,,,
675,,,Linas Kleiza,,20.0,,,
676,,,Ian Mahinmi,,19.0,,,
677,,,Wayne Simien,,22.0,,,
678,,,David Lee,,22.0,,,
679,,,Salim Stoudamire,,23.0,,,
680,,,Daniel Ewing,,22.0,,,
681,,,Brandon Bass,,20.0,,,
682,,,C.J. Miles,,18.0,,,
683,,,Ricky Sanchez,,18.0,,,
684,,,Ersan Ilyasova,,18.0,,,
685,,,Ronny Turiaf,,22.0,,,
686,,,Travis Diener,,23.0,,,
687,,,Von Wafer,,20.0,,,
688,,,Monta Ellis,,20.0,,,
689,,,Roko Ukic,,21.0,,,
690,,,Chris Taft,,20.0,,,
691,,,Mile Ilic,,21.0,,,
692,,,Marty Andriuskevicius,,19.0,,,
693,,,Louis Williams,,19.0,,,
694,,,Erazem Lorbek,,21.0,,,
695,,,Bracey Wright,,21.0,,,
696,,,Mickael Gelebale,,22.0,,,
697,,,Andray Blatche,,19.0,,,
698,,,Ryan Gomes,,23.0,,,
699,,,Robert Whaley,,23.0,,,
700,,,Axel Hervelle,,22.0,,,
701,,,Orien Greene,,23.0,,,
702,,,Dijon Thompson,,22.0,,,
703,,,Lawrence Roberts,,23.0,,,
704,,,Amir Johnson,,18.0,,,
705,,,Marcin Gortat,,23.0,,,
706,,,Uros Slokar,,22.0,,,
707,,,Cenk Akyol,,18.0,,,
708,,,Alex Acker,,22.0,,,
709,,,Andrea Bargnani,,21.0,,,
710,,,LaMarcus Aldridge,,21.0,,,
711,,,Adam Morrison,,22.0,,,
712,,,Tyrus Thomas,,20.0,,,
713,,,Shelden Williams,,23.0,,,
714,,,Brandon Roy,,22.0,,,
715,,,Randy Foye,,23.0,,,
716,,,Rudy Gay,,20.0,,,
717,,,Patrick O'Bryant,,20.0,,,
718,,,Mouhammed Saer Sene,,20.0,,,
719,,,J.J. Redick,,22.0,,,
720,,,Hilton Armstrong,,22.0,,,
721,,,Thabo Sefolasha,,22.0,,,
722,,,Ronnie Brewer,,21.0,,,
723,,,Cedric Simmons,,20.0,,,
724,,,Rodney Carney,,22.0,,,
725,,,Shawne Williams,,20.0,,,
726,,,Oleksiy Pecherov,,21.0,,,
727,,,Quincy Douby,,22.0,,,
728,,,Renaldo Balkman,,22.0,,,
729,,,Rajon Rondo,,20.0,,,
730,,,Josh Boone,,22.0,,,
731,,,Kyle Lowry,,20.0,,,
732,,,Shannon Brown,,21.0,,,
733,,,Jordan Farmar,,20.0,,,
734,,,Sergio Rodriguez,,20.0,,,
735,,,Maurice Ager,,22.0,,,
736,,,Mardy Collins,,22.0,,,
737,,,Joel Freeland,,19.0,,,
738,,,James White,,24.0,,,
739,,,Steve Novak,,22.0,,,
740,,,Solomon Jones,,22.0,,,
741,,,Paul Davis,,22.0,,,
742,,,PJ Tucker,,21.0,,,
743,,,Craig Smith,,23.0,,,
744,,,Bobby Jones,,22.0,,,
745,,,Kosta Perovic,,21.0,,,
746,,,David Noel,,22.0,,,
747,,,Denham Brown,,23.0,,,
748,,,James Augustine,,22.0,,,
749,,,Daniel Gibson,,20.0,,,
750,,,Marcus Vicinius,,22.0,,,
751,,,Lior Eliyahu,,21.0,,,
752,,,Alexander Johnson,,23.0,,,
753,,,Dee Brown,,22.0,,,
754,,,Paul Millsap,,21.0,,,
755,,,Vladimir Veremeenko,,22.0,,,
756,,,Leon Powe,,22.0,,,
757,,,Ryan Hollins,,22.0,,,
758,,,Chiekh Samb,,22.0,,,
759,,,Guillermo Diaz,,21.0,,,
760,,,Yotam Halperin,,22.0,,,
761,,,Hassan Adams,,22.0,,,
762,,,Ejike Ugboaja,,21.0,,,
763,,,Edin Bavcic,,22.0,,,
764,,,Loukas Mavrokefalidis,,22.0,,,
765,,,JR Pinnock,,23.0,,,
766,,,Damir Markota,,21.0,,,
767,,,Will Blalock,,,,,
768,,,Mike Conley Jr,,20.0,,,
769,,,Adam Haluska,,24.0,,,
770,,,Jared Jordan,,23.0,,,
771,,,Stephane Lasme,,25.0,,,
772,,,Jameson Curry,,21.0,,,
773,,,Giorgos Printezis,,22.0,,,
774,,,Milovan Rakovic,,22.0,,,
775,,,Walter Sharpe,,22.0,,,
776,,,Luc Richard Mbah A Moute,,22.0,,,
777,,,Sean Singletary,,23.0,,,
778,,,Patrick Ewing Jr,,24.0,,,
779,,,Tadija Dragicevic,,22.0,,,
780,,,Maarty Leunen,,23.0,,,
781,,,Joe Crawford,,22.0,,,
782,,,Deron Washington,,23.0,,,
783,,,B.J. Mullens,,20.0,,,
784,,,Taylor Griffin,,23.0,,,
785,,,Goran Suton,,24.0,,,
786,,,Nando De Colo,,22.0,,,
787,,,Robert Vaden,,24.0,,,
788,,,Emir Preldzic,,22.0,,,
789,,,Chinemelu Elonu,,22.0,,,
790,,,Robert Dozier,,24.0,,,
791,,,Andy Rautins,,24.0,,,
792,,,Landry Fields,,22.0,,,
793,,,Da'Sean Butler,,22.0,,,
794,,,Ryan Richards,,19.0,,,
795,,,Magnum Rolle,,24.0,,,
796,,,Pape Sy,,,,,
797,,,Jeremy Evans,,23.0,,,
798,,,Ryan Reid,,,,,
799,,,Dwayne Collins,,22.0,,,
800,,,Josh Harrellson,,22.0,,,
801,,,Lavoy Allen,,22.0,,,
802,,,Jon Diebler,,23.0,,,
803,,,Vernon Macklin,,25.0,,,
804,,,DeAndre Liggins,,23.0,,,
805,,,Milan Macvan,,22.0,,,
806,,,Chu Chu Maduabum,,,,,
807,,,Tanguy Ngombo,,22.0,,,
808,,,Ater Majok,,24.0,,,
809,,,Justin Hamilton,,22.0,,,
810,,,Ognjen Kuzmic,,22.0,,,
811,,,Tomislav Zubcic,,22.0,,,
812,,,Ilkan Karaman,,22.0,,,
813,,,Marcus Denmon,,22.0,,,
814,,,Robert Sacre,,23.0,,,
815,,,Giannis Adetokunbo,,19.0,,,
816,,,Tim Hardaway Jr,,21.0,,,
817,,,Carrick Felix,,23.0,,,
818,,,James Ennis,,23.0,,,
819,,,Arsalan Kazemi,,23.0,,,
820,,,Alex Oriakhi,,23.0,,,
821,,,Janis Timma,,21.0,,,
822,,,Bruno Caboclo,,19.0,,,
823,,,Lamar Patterson,,23.0,,,
824,,,Cameron Bairstow,,24.0,,,
825,,,Alec Brown,,22.0,,,
826,,,Alessandro Gentile,,22.0,,,
827,,,Semaj Christon,,22.0,,,
828,,,Louis Labeyrie,,22.0,,,
829,,,Xavier Thames,,23.0,,,
830,,,Corey Jefferson,,24.0,,,
